[{"model": "topic.topic", "pk": 1, "fields": {"topic_number": 0, "lda_model": 1, "name": null}}, {"model": "topic.topic", "pk": 2, "fields": {"topic_number": 1, "lda_model": 1, "name": null}}, {"model": "topic.topic", "pk": 3, "fields": {"topic_number": 2, "lda_model": 1, "name": null}}, {"model": "topic.topic", "pk": 4, "fields": {"topic_number": 3, "lda_model": 1, "name": null}}, {"model": "topic.topic", "pk": 5, "fields": {"topic_number": 4, "lda_model": 1, "name": null}}, {"model": "topic.topic", "pk": 6, "fields": {"topic_number": 5, "lda_model": 1, "name": null}}, {"model": "topic.topic", "pk": 7, "fields": {"topic_number": 6, "lda_model": 1, "name": null}}, {"model": "topic.topic", "pk": 8, "fields": {"topic_number": 7, "lda_model": 1, "name": null}}, {"model": "topic.topic", "pk": 9, "fields": {"topic_number": 8, "lda_model": 1, "name": null}}, {"model": "topic.topic", "pk": 10, "fields": {"topic_number": 9, "lda_model": 1, "name": null}}, {"model": "topic.topic", "pk": 11, "fields": {"topic_number": 10, "lda_model": 1, "name": null}}, {"model": "topic.topic", "pk": 12, "fields": {"topic_number": 11, "lda_model": 1, "name": null}}, {"model": "topic.topic", "pk": 13, "fields": {"topic_number": 12, "lda_model": 1, "name": null}}, {"model": "topic.topic", "pk": 14, "fields": {"topic_number": 13, "lda_model": 1, "name": null}}, {"model": "topic.topic", "pk": 15, "fields": {"topic_number": 14, "lda_model": 1, "name": null}}, {"model": "topic.topic", "pk": 16, "fields": {"topic_number": 15, "lda_model": 1, "name": null}}, {"model": "topic.topic", "pk": 17, "fields": {"topic_number": 16, "lda_model": 1, "name": null}}, {"model": "topic.topic", "pk": 18, "fields": {"topic_number": 17, "lda_model": 1, "name": null}}, {"model": "topic.topic", "pk": 19, "fields": {"topic_number": 18, "lda_model": 1, "name": null}}, {"model": "topic.topic", "pk": 20, "fields": {"topic_number": 19, "lda_model": 1, "name": null}}, {"model": "topic.keyword", "pk": 1, "fields": {"name": "ad", "weight": 0.00999999977648258, "topic_id": 1}}, {"model": "topic.keyword", "pk": 2, "fields": {"name": "food", "weight": 0.00999999977648258, "topic_id": 1}}, {"model": "topic.keyword", "pk": 3, "fields": {"name": "ads", "weight": 0.00999999977648258, "topic_id": 1}}, {"model": "topic.keyword", "pk": 4, "fields": {"name": "advertise", "weight": 0.00999999977648258, "topic_id": 1}}, {"model": "topic.keyword", "pk": 5, "fields": {"name": "pope", "weight": 0.00999999977648258, "topic_id": 1}}, {"model": "topic.keyword", "pk": 6, "fields": {"name": "say", "weight": 0.0299999993294477, "topic_id": 2}}, {"model": "topic.keyword", "pk": 7, "fields": {"name": "us", "weight": 0.00999999977648258, "topic_id": 2}}, {"model": "topic.keyword", "pk": 8, "fields": {"name": "percent", "weight": 0.00999999977648258, "topic_id": 2}}, {"model": "topic.keyword", "pk": 9, "fields": {"name": "company", "weight": 0.00999999977648258, "topic_id": 2}}, {"model": "topic.keyword", "pk": 10, "fields": {"name": "state", "weight": 0.00999999977648258, "topic_id": 2}}, {"model": "topic.keyword", "pk": 11, "fields": {"name": "network", "weight": 0.00999999977648258, "topic_id": 3}}, {"model": "topic.keyword", "pk": 12, "fields": {"name": "mobile", "weight": 0.00999999977648258, "topic_id": 3}}, {"model": "topic.keyword", "pk": 13, "fields": {"name": "service", "weight": 0.00999999977648258, "topic_id": 3}}, {"model": "topic.keyword", "pk": 14, "fields": {"name": "use", "weight": 0.00999999977648258, "topic_id": 3}}, {"model": "topic.keyword", "pk": 15, "fields": {"name": "information", "weight": 0.00999999977648258, "topic_id": 3}}, {"model": "topic.keyword", "pk": 16, "fields": {"name": "market", "weight": 0.00999999977648258, "topic_id": 4}}, {"model": "topic.keyword", "pk": 17, "fields": {"name": "company", "weight": 0.00999999977648258, "topic_id": 4}}, {"model": "topic.keyword", "pk": 18, "fields": {"name": "business", "weight": 0.00999999977648258, "topic_id": 4}}, {"model": "topic.keyword", "pk": 19, "fields": {"name": "service", "weight": 0.00999999977648258, "topic_id": 4}}, {"model": "topic.keyword", "pk": 20, "fields": {"name": "data", "weight": 0.00999999977648258, "topic_id": 4}}, {"model": "topic.keyword", "pk": 21, "fields": {"name": "health", "weight": 0.0199999995529652, "topic_id": 5}}, {"model": "topic.keyword", "pk": 22, "fields": {"name": "2015", "weight": 0.00999999977648258, "topic_id": 5}}, {"model": "topic.keyword", "pk": 23, "fields": {"name": "0", "weight": 0.00999999977648258, "topic_id": 5}}, {"model": "topic.keyword", "pk": 24, "fields": {"name": "medical", "weight": 0.00999999977648258, "topic_id": 5}}, {"model": "topic.keyword", "pk": 25, "fields": {"name": "care", "weight": 0.00999999977648258, "topic_id": 5}}, {"model": "topic.keyword", "pk": 26, "fields": {"name": "image", "weight": 0.00999999977648258, "topic_id": 6}}, {"model": "topic.keyword", "pk": 27, "fields": {"name": "say", "weight": 0.00999999977648258, "topic_id": 6}}, {"model": "topic.keyword", "pk": 28, "fields": {"name": "space", "weight": 0.00999999977648258, "topic_id": 6}}, {"model": "topic.keyword", "pk": 29, "fields": {"name": "use", "weight": 0.00999999977648258, "topic_id": 6}}, {"model": "topic.keyword", "pk": 30, "fields": {"name": "nasa", "weight": 0.00999999977648258, "topic_id": 6}}, {"model": "topic.keyword", "pk": 31, "fields": {"name": "use", "weight": 0.00999999977648258, "topic_id": 7}}, {"model": "topic.keyword", "pk": 32, "fields": {"name": "energy", "weight": 0.00999999977648258, "topic_id": 7}}, {"model": "topic.keyword", "pk": 33, "fields": {"name": "new", "weight": 0.00999999977648258, "topic_id": 7}}, {"model": "topic.keyword", "pk": 34, "fields": {"name": "say", "weight": 0.00999999977648258, "topic_id": 7}}, {"model": "topic.keyword", "pk": 35, "fields": {"name": "2015", "weight": 0.00999999977648258, "topic_id": 7}}, {"model": "topic.keyword", "pk": 36, "fields": {"name": "windows", "weight": 0.0199999995529652, "topic_id": 8}}, {"model": "topic.keyword", "pk": 37, "fields": {"name": "microsoft", "weight": 0.0199999995529652, "topic_id": 8}}, {"model": "topic.keyword", "pk": 38, "fields": {"name": "intel", "weight": 0.00999999977648258, "topic_id": 8}}, {"model": "topic.keyword", "pk": 39, "fields": {"name": "new", "weight": 0.00999999977648258, "topic_id": 8}}, {"model": "topic.keyword", "pk": 40, "fields": {"name": "10", "weight": 0.00999999977648258, "topic_id": 8}}, {"model": "topic.keyword", "pk": 41, "fields": {"name": "technology", "weight": 0.0199999995529652, "topic_id": 9}}, {"model": "topic.keyword", "pk": 42, "fields": {"name": "industry", "weight": 0.00999999977648258, "topic_id": 9}}, {"model": "topic.keyword", "pk": 43, "fields": {"name": "newsnet", "weight": 0.00999999977648258, "topic_id": 9}}, {"model": "topic.keyword", "pk": 44, "fields": {"name": "free", "weight": 0.00999999977648258, "topic_id": 9}}, {"model": "topic.keyword", "pk": 45, "fields": {"name": "parent", "weight": 0.00999999977648258, "topic_id": 9}}, {"model": "topic.keyword", "pk": 46, "fields": {"name": "technology", "weight": 0.00999999977648258, "topic_id": 10}}, {"model": "topic.keyword", "pk": 47, "fields": {"name": "school", "weight": 0.00999999977648258, "topic_id": 10}}, {"model": "topic.keyword", "pk": 48, "fields": {"name": "students", "weight": 0.00999999977648258, "topic_id": 10}}, {"model": "topic.keyword", "pk": 49, "fields": {"name": "learn", "weight": 0.00999999977648258, "topic_id": 10}}, {"model": "topic.keyword", "pk": 50, "fields": {"name": "say", "weight": 0.00999999977648258, "topic_id": 10}}, {"model": "topic.keyword", "pk": 51, "fields": {"name": "apple", "weight": 0.0199999995529652, "topic_id": 11}}, {"model": "topic.keyword", "pk": 52, "fields": {"name": "new", "weight": 0.00999999977648258, "topic_id": 11}}, {"model": "topic.keyword", "pk": 53, "fields": {"name": "app", "weight": 0.00999999977648258, "topic_id": 11}}, {"model": "topic.keyword", "pk": 54, "fields": {"name": "iphone", "weight": 0.00999999977648258, "topic_id": 11}}, {"model": "topic.keyword", "pk": 55, "fields": {"name": "phone", "weight": 0.00999999977648258, "topic_id": 11}}, {"model": "topic.keyword", "pk": 56, "fields": {"name": "technology", "weight": 0.0399999991059303, "topic_id": 12}}, {"model": "topic.keyword", "pk": 57, "fields": {"name": "industry", "weight": 0.0399999991059303, "topic_id": 12}}, {"model": "topic.keyword", "pk": 58, "fields": {"name": "newsnet", "weight": 0.0299999993294477, "topic_id": 12}}, {"model": "topic.keyword", "pk": 59, "fields": {"name": "say", "weight": 0.00999999977648258, "topic_id": 12}}, {"model": "topic.keyword", "pk": 60, "fields": {"name": "school", "weight": 0.00999999977648258, "topic_id": 12}}, {"model": "topic.keyword", "pk": 61, "fields": {"name": "news", "weight": 0.0299999993294477, "topic_id": 13}}, {"model": "topic.keyword", "pk": 62, "fields": {"name": "sept", "weight": 0.00999999977648258, "topic_id": 13}}, {"model": "topic.keyword", "pk": 63, "fields": {"name": "reuters", "weight": 0.00999999977648258, "topic_id": 13}}, {"model": "topic.keyword", "pk": 64, "fields": {"name": "world", "weight": 0.00999999977648258, "topic_id": 13}}, {"model": "topic.keyword", "pk": 65, "fields": {"name": "million", "weight": 0.00999999977648258, "topic_id": 13}}, {"model": "topic.keyword", "pk": 66, "fields": {"name": "company", "weight": 0.0199999995529652, "topic_id": 14}}, {"model": "topic.keyword", "pk": 67, "fields": {"name": "statements", "weight": 0.00999999977648258, "topic_id": 14}}, {"model": "topic.keyword", "pk": 68, "fields": {"name": "million", "weight": 0.00999999977648258, "topic_id": 14}}, {"model": "topic.keyword", "pk": 69, "fields": {"name": "share", "weight": 0.00999999977648258, "topic_id": 14}}, {"model": "topic.keyword", "pk": 70, "fields": {"name": "2015", "weight": 0.00999999977648258, "topic_id": 14}}, {"model": "topic.keyword", "pk": 71, "fields": {"name": "2", "weight": 0.00999999977648258, "topic_id": 15}}, {"model": "topic.keyword", "pk": 72, "fields": {"name": "port", "weight": 0.00999999977648258, "topic_id": 15}}, {"model": "topic.keyword", "pk": 73, "fields": {"name": "e", "weight": 0.00999999977648258, "topic_id": 15}}, {"model": "topic.keyword", "pk": 74, "fields": {"name": "ship", "weight": 0.00999999977648258, "topic_id": 15}}, {"model": "topic.keyword", "pk": 75, "fields": {"name": "c", "weight": 0.00999999977648258, "topic_id": 15}}, {"model": "topic.keyword", "pk": 76, "fields": {"name": "technology", "weight": 0.0199999995529652, "topic_id": 16}}, {"model": "topic.keyword", "pk": 77, "fields": {"name": "industry", "weight": 0.0199999995529652, "topic_id": 16}}, {"model": "topic.keyword", "pk": 78, "fields": {"name": "car", "weight": 0.00999999977648258, "topic_id": 16}}, {"model": "topic.keyword", "pk": 79, "fields": {"name": "newsnet", "weight": 0.00999999977648258, "topic_id": 16}}, {"model": "topic.keyword", "pk": 80, "fields": {"name": "cars", "weight": 0.00999999977648258, "topic_id": 16}}, {"model": "topic.keyword", "pk": 81, "fields": {"name": "game", "weight": 0.0199999995529652, "topic_id": 17}}, {"model": "topic.keyword", "pk": 82, "fields": {"name": "video", "weight": 0.00999999977648258, "topic_id": 17}}, {"model": "topic.keyword", "pk": 83, "fields": {"name": "new", "weight": 0.00999999977648258, "topic_id": 17}}, {"model": "topic.keyword", "pk": 84, "fields": {"name": "tv", "weight": 0.00999999977648258, "topic_id": 17}}, {"model": "topic.keyword", "pk": 85, "fields": {"name": "content", "weight": 0.00999999977648258, "topic_id": 17}}, {"model": "topic.keyword", "pk": 86, "fields": {"name": "company", "weight": 0.0199999995529652, "topic_id": 18}}, {"model": "topic.keyword", "pk": 87, "fields": {"name": "2015", "weight": 0.00999999977648258, "topic_id": 18}}, {"model": "topic.keyword", "pk": 88, "fields": {"name": "new", "weight": 0.00999999977648258, "topic_id": 18}}, {"model": "topic.keyword", "pk": 89, "fields": {"name": "inc", "weight": 0.00999999977648258, "topic_id": 18}}, {"model": "topic.keyword", "pk": 90, "fields": {"name": "say", "weight": 0.00999999977648258, "topic_id": 18}}, {"model": "topic.keyword", "pk": 91, "fields": {"name": "say", "weight": 0.0199999995529652, "topic_id": 19}}, {"model": "topic.keyword", "pk": 92, "fields": {"name": "people", "weight": 0.00999999977648258, "topic_id": 19}}, {"model": "topic.keyword", "pk": 93, "fields": {"name": "one", "weight": 0.00999999977648258, "topic_id": 19}}, {"model": "topic.keyword", "pk": 94, "fields": {"name": "go", "weight": 0.00999999977648258, "topic_id": 19}}, {"model": "topic.keyword", "pk": 95, "fields": {"name": "get", "weight": 0.0, "topic_id": 19}}, {"model": "topic.keyword", "pk": 96, "fields": {"name": "study", "weight": 0.00999999977648258, "topic_id": 20}}, {"model": "topic.keyword", "pk": 97, "fields": {"name": "say", "weight": 0.00999999977648258, "topic_id": 20}}, {"model": "topic.keyword", "pk": 98, "fields": {"name": "researchers", "weight": 0.00999999977648258, "topic_id": 20}}, {"model": "topic.keyword", "pk": 99, "fields": {"name": "use", "weight": 0.00999999977648258, "topic_id": 20}}, {"model": "topic.keyword", "pk": 100, "fields": {"name": "find", "weight": 0.00999999977648258, "topic_id": 20}}, {"model": "topic.topicuser", "pk": 1, "fields": {"user_id": 1, "topic_id": 1}}, {"model": "topic.topicuser", "pk": 2, "fields": {"user_id": 1, "topic_id": 3}}, {"model": "topic.topicuser", "pk": 3, "fields": {"user_id": 1, "topic_id": 12}}, {"model": "topic.topicuser", "pk": 4, "fields": {"user_id": 1, "topic_id": 13}}, {"model": "topic.topicuser", "pk": 5, "fields": {"user_id": 1, "topic_id": 14}}, {"model": "TMengine.ldamodel", "pk": 1, "fields": {"filename": "lda_03_22292_20_.model", "creation_date": "2018-05-24", "newest": true}}, {"model": "auth.permission", "pk": 1, "fields": {"name": "Can add log entry", "content_type": 1, "codename": "add_logentry"}}, {"model": "auth.permission", "pk": 2, "fields": {"name": "Can change log entry", "content_type": 1, "codename": "change_logentry"}}, {"model": "auth.permission", "pk": 3, "fields": {"name": "Can delete log entry", "content_type": 1, "codename": "delete_logentry"}}, {"model": "auth.permission", "pk": 4, "fields": {"name": "Can add group", "content_type": 2, "codename": "add_group"}}, {"model": "auth.permission", "pk": 5, "fields": {"name": "Can change group", "content_type": 2, "codename": "change_group"}}, {"model": "auth.permission", "pk": 6, "fields": {"name": "Can delete group", "content_type": 2, "codename": "delete_group"}}, {"model": "auth.permission", "pk": 7, "fields": {"name": "Can add permission", "content_type": 3, "codename": "add_permission"}}, {"model": "auth.permission", "pk": 8, "fields": {"name": "Can change permission", "content_type": 3, "codename": "change_permission"}}, {"model": "auth.permission", "pk": 9, "fields": {"name": "Can delete permission", "content_type": 3, "codename": "delete_permission"}}, {"model": "auth.permission", "pk": 10, "fields": {"name": "Can add user", "content_type": 4, "codename": "add_user"}}, {"model": "auth.permission", "pk": 11, "fields": {"name": "Can change user", "content_type": 4, "codename": "change_user"}}, {"model": "auth.permission", "pk": 12, "fields": {"name": "Can delete user", "content_type": 4, "codename": "delete_user"}}, {"model": "auth.permission", "pk": 13, "fields": {"name": "Can add content type", "content_type": 5, "codename": "add_contenttype"}}, {"model": "auth.permission", "pk": 14, "fields": {"name": "Can change content type", "content_type": 5, "codename": "change_contenttype"}}, {"model": "auth.permission", "pk": 15, "fields": {"name": "Can delete content type", "content_type": 5, "codename": "delete_contenttype"}}, {"model": "auth.permission", "pk": 16, "fields": {"name": "Can add session", "content_type": 6, "codename": "add_session"}}, {"model": "auth.permission", "pk": 17, "fields": {"name": "Can change session", "content_type": 6, "codename": "change_session"}}, {"model": "auth.permission", "pk": 18, "fields": {"name": "Can delete session", "content_type": 6, "codename": "delete_session"}}, {"model": "auth.permission", "pk": 19, "fields": {"name": "Can add topic user", "content_type": 7, "codename": "add_topicuser"}}, {"model": "auth.permission", "pk": 20, "fields": {"name": "Can change topic user", "content_type": 7, "codename": "change_topicuser"}}, {"model": "auth.permission", "pk": 21, "fields": {"name": "Can delete topic user", "content_type": 7, "codename": "delete_topicuser"}}, {"model": "auth.permission", "pk": 22, "fields": {"name": "Can add keyword", "content_type": 8, "codename": "add_keyword"}}, {"model": "auth.permission", "pk": 23, "fields": {"name": "Can change keyword", "content_type": 8, "codename": "change_keyword"}}, {"model": "auth.permission", "pk": 24, "fields": {"name": "Can delete keyword", "content_type": 8, "codename": "delete_keyword"}}, {"model": "auth.permission", "pk": 25, "fields": {"name": "Can add topic", "content_type": 9, "codename": "add_topic"}}, {"model": "auth.permission", "pk": 26, "fields": {"name": "Can change topic", "content_type": 9, "codename": "change_topic"}}, {"model": "auth.permission", "pk": 27, "fields": {"name": "Can delete topic", "content_type": 9, "codename": "delete_topic"}}, {"model": "auth.permission", "pk": 28, "fields": {"name": "Can add lda model", "content_type": 10, "codename": "add_ldamodel"}}, {"model": "auth.permission", "pk": 29, "fields": {"name": "Can change lda model", "content_type": 10, "codename": "change_ldamodel"}}, {"model": "auth.permission", "pk": 30, "fields": {"name": "Can delete lda model", "content_type": 10, "codename": "delete_ldamodel"}}, {"model": "auth.user", "pk": 1, "fields": {"password": "pbkdf2_sha256$36000$2FUY5CQ6Hm4p$MQBMsdNgnlU6TOsP1YA3WexYPcjvRuW8klmwyiHYdCg=", "last_login": "2018-05-24T21:08:10.288Z", "is_superuser": true, "username": "admin", "first_name": "", "last_name": "", "email": "admin@example.com", "is_staff": true, "is_active": true, "date_joined": "2018-05-24T20:44:28.650Z", "groups": [], "user_permissions": []}}, {"model": "admin.logentry", "pk": 1, "fields": {"action_time": "2018-05-24T20:45:49.144Z", "user": 1, "content_type": 10, "object_id": "1", "object_repr": "LdaModel object", "action_flag": 1, "change_message": "[{\"added\": {}}]"}}, {"model": "admin.logentry", "pk": 2, "fields": {"action_time": "2018-05-24T21:08:21.266Z", "user": 1, "content_type": 7, "object_id": "1", "object_repr": "TopicUser object", "action_flag": 1, "change_message": "[{\"added\": {}}]"}}, {"model": "admin.logentry", "pk": 3, "fields": {"action_time": "2018-05-24T21:08:27.390Z", "user": 1, "content_type": 7, "object_id": "2", "object_repr": "TopicUser object", "action_flag": 1, "change_message": "[{\"added\": {}}]"}}, {"model": "admin.logentry", "pk": 4, "fields": {"action_time": "2018-05-24T21:08:31.157Z", "user": 1, "content_type": 7, "object_id": "3", "object_repr": "TopicUser object", "action_flag": 1, "change_message": "[{\"added\": {}}]"}}, {"model": "admin.logentry", "pk": 5, "fields": {"action_time": "2018-05-24T21:08:34.733Z", "user": 1, "content_type": 7, "object_id": "4", "object_repr": "TopicUser object", "action_flag": 1, "change_message": "[{\"added\": {}}]"}}, {"model": "admin.logentry", "pk": 6, "fields": {"action_time": "2018-05-24T21:08:38.664Z", "user": 1, "content_type": 7, "object_id": "5", "object_repr": "TopicUser object", "action_flag": 1, "change_message": "[{\"added\": {}}]"}}]